{"Container": {"prev": [-75.0, 75.0, -53.33333333333334, 46.66666666666666], "new": [65, 221, 378, 517]}, "Ball": {"prev": [285.0, 315.0, 215.0, 245.0], "new": [128, 165, 478, 512]}}