{"Container": {"prev": [-75.0, 75.0, -53.33333333333334, 46.66666666666666], "new": [184, 505, 204, 255]}}