{"Container": {"prev": [-75.0, 75.0, -53.33333333333334, 46.66666666666666], "new": [348, 513, 301, 439]}, "Ball": {"prev": [285.0, 315.0, 215.0, 245.0], "new": [432, 464, 440, 463]}, "Floor": {"prev": [0.0, 600.0, 0.0, 7.0], "new": [0, 293, 0, 7.0]}}