{"Container": {"prev": [-75.0, 75.0, -53.33333333333334, 46.66666666666666], "new": [421, 589, 398, 467]}, "Ball": {"prev": [285.0, 315.0, 215.0, 245.0], "new": [513, 543, 515, 557]}}