{"Container": {"prev": [-75.0, 75.0, -53.33333333333334, 46.66666666666666], "new": [49, 325, 199, 357]}, "Ball": {"prev": [285.0, 315.0, 215.0, 245.0], "new": [127, 181, 353, 398]}}