{"Container": {"prev": [-75.0, 75.0, -53.33333333333334, 46.66666666666666], "new": [403, 518, 235, 290]}, "Ball": {"prev": [285.0, 315.0, 215.0, 245.0], "new": [405, 507, 315, 404]}}