{"Container": {"prev": [-75.0, 75.0, -53.33333333333334, 46.66666666666666], "new": [100, 202, 302, 397]}, "Ball": {"prev": [285.0, 315.0, 215.0, 245.0], "new": [134, 161, 338, 366]}, "Floor": {"prev": [0.0, 600.0, 0.0, 7.0], "new": [279, 593, 0, 26]}}