{"Container": {"prev": [-75.0, 75.0, -53.33333333333334, 46.66666666666666], "new": [68, 230, 200, 297]}, "Ball": {"prev": [285.0, 315.0, 215.0, 245.0], "new": [114, 158, 385, 438]}, "Floor": {"prev": [0.0, 600.0, 0.0, 7.0], "new": [325, 600, 0, 7.0]}}