{"Container": {"prev": [-75.0, 75.0, -53.33333333333334, 46.66666666666666], "new": [405, 582, 202, 426]}, "Ball": {"prev": [285.0, 315.0, 215.0, 245.0], "new": [494, 531, 387, 434]}}